,Agency,Date,Description,Incident#,Location
0,Champaign Police,9-1-2020 8:00 PM,CRIMINAL DAMAGE TO PROPERTY,CC2005449,200  BLOCK N FOURTH ST
1,Champaign Police,9-1-2020 3:24 PM,CRIMINAL DAMAGE TO PROPERTY,CC2005437,300  BLOCK W GREEN ST
2,Champaign Police,9-1-2020 2:07 PM,THEFT $500 AND UNDER,CC2005433,700  BLOCK W GREEN ST
3,Champaign Police,9-1-2020 1:19 PM,THEFT OVER $500,CC2005427,300  BLOCK E JOHN ST
4,Champaign Police,9-1-2020 4:00 AM,HEROIN OVERDOSE,CC2005417,2400  BLOCK N PROSPECT AV
5,Champaign Police,8-31-2020 10:26 PM,TRESPASS TO LAND/REAL PROPERTY,CC2005414,0  BLOCK E MAIN ST
6,Champaign Police,8-31-2020 7:11 PM,DISORDERLY CONDUCT-ALL OTHER,CC2005412,400  BLOCK W SPRINGFIELD AV
7,Champaign Police,8-31-2020 2:00 PM,THEFT-MOTOR VEHICLE,CC2005403,700  BLOCK  BLOOMINGTON RD
8,Champaign Police,8-31-2020 10:00 AM,ASSAULT-AGGRAVATED,CC2005400,0  BLOCK E UNIVERSITY AV
9,Champaign Police,8-31-2020 5:23 AM,BURGLARY RESIDENTIAL,CC2005395,700  BLOCK N STATE ST
10,Champaign Police,8-30-2020 11:35 PM,CRIMINAL DAMAGE TO PROPERTY,CC2005390,2500  BLOCK W SPRINGFIELD AV
11,Champaign Police,8-30-2020 12:10 PM,DISORDERLY CONDUCT-ALL OTHER,CC2005382,2500  BLOCK W SPRINGFIELD AV
12,Champaign Police,8-30-2020 11:25 AM,THEFT-RETAIL,CC2005380,2600  BLOCK N PROSPECT
13,Champaign Police,8-30-2020 9:00 AM,BURGLARY FROM MOTOR VEHICLE,CC2005448,1900  BLOCK  CENTER DR
14,Champaign Police,8-30-2020 2:16 AM,BATTERY,CC2005372,W BRADLEY AV  & S JAMES ST
15,Champaign Police,9-1-2020 8:00 PM,CRIMINAL DAMAGE TO PROPERTY,CC2005449,200  BLOCK N FOURTH ST
16,Champaign Police,9-1-2020 3:24 PM,CRIMINAL DAMAGE TO PROPERTY,CC2005437,300  BLOCK W GREEN ST
17,Champaign Police,9-1-2020 2:07 PM,THEFT $500 AND UNDER,CC2005433,700  BLOCK W GREEN ST
18,Champaign Police,9-1-2020 1:19 PM,THEFT OVER $500,CC2005427,300  BLOCK E JOHN ST
19,Champaign Police,9-1-2020 4:00 AM,HEROIN OVERDOSE,CC2005417,2400  BLOCK N PROSPECT AV
20,Champaign Police,8-31-2020 10:26 PM,TRESPASS TO LAND/REAL PROPERTY,CC2005414,0  BLOCK E MAIN ST
21,Champaign Police,8-31-2020 7:11 PM,DISORDERLY CONDUCT-ALL OTHER,CC2005412,400  BLOCK W SPRINGFIELD AV
22,Champaign Police,8-31-2020 2:00 PM,THEFT-MOTOR VEHICLE,CC2005403,700  BLOCK  BLOOMINGTON RD
23,Champaign Police,8-31-2020 10:00 AM,ASSAULT-AGGRAVATED,CC2005400,0  BLOCK E UNIVERSITY AV
24,Champaign Police,8-31-2020 5:23 AM,BURGLARY RESIDENTIAL,CC2005395,700  BLOCK N STATE ST
25,Champaign Police,8-30-2020 11:35 PM,CRIMINAL DAMAGE TO PROPERTY,CC2005390,2500  BLOCK W SPRINGFIELD AV
26,Champaign Police,8-30-2020 12:10 PM,DISORDERLY CONDUCT-ALL OTHER,CC2005382,2500  BLOCK W SPRINGFIELD AV
27,Champaign Police,8-30-2020 11:25 AM,THEFT-RETAIL,CC2005380,2600  BLOCK N PROSPECT
28,Champaign Police,8-30-2020 9:00 AM,BURGLARY FROM MOTOR VEHICLE,CC2005448,1900  BLOCK  CENTER DR
29,Champaign Police,8-30-2020 2:16 AM,BATTERY,CC2005372,W BRADLEY AV  & S JAMES ST
30,Champaign Police,8-30-2020 12:01 AM,ASSAULT-AGGRAVATED,CC2005381,100  BLOCK E PARK ST
31,Champaign Police,8-29-2020 11:00 PM,BATTERY-DOMESTIC,CC2005370,2500  BLOCK W SPRINGFIELD AV
32,Champaign Police,8-29-2020 10:00 PM,THEFT OF LOST/MISLAID PROP,CC2005401,2100  BLOCK  LYNWOOD DR
33,Champaign Police,8-29-2020 8:20 PM,BATTERY -CITY,CC2005368,100  BLOCK E GREEN ST
34,Champaign Police,8-29-2020 7:15 PM,BATTERY-AGGRAVATED,CC2005366,N FOURTH ST  & S CHURCH ST
35,Champaign Police,8-29-2020 4:51 PM,ASSAULT-AGGRAVATED,CC2005363,LOUISIANA AV  & BLOOMINGTON RD
36,Champaign Police,8-29-2020 3:47 PM,CONTROLLED SUBSTANCE-POSSESSION,CC2005361,800  BLOCK  BLOOMINGTON RD
37,Champaign Police,8-29-2020 3:00 PM,THEFT-MOTOR VEHICLE,CC2005377,2100  BLOCK  SUNVIEW DR
38,Champaign Police,8-29-2020 2:30 PM,THEFT $500 AND UNDER,CC2005360,100  BLOCK E SPRINGFIELD AV
39,Champaign Police,8-29-2020 12:45 PM,BATTERY,CC2005355,300  BLOCK  KENWOOD RD
40,Champaign Police,8-29-2020 10:00 AM,BATTERY-DOMESTIC,CC2005352,5100  BLOCK  JACKS BL
41,Champaign Police,8-29-2020 8:20 AM,DISORDERLY CONDUCT-ALL OTHER,CC2005348,400  BLOCK E CHURCH ST
42,Champaign Police,8-29-2020 7:00 AM,THEFT-MOTOR VEHICLE,CC2005347,700  BLOCK W HEALEY ST
43,Champaign Police,8-29-2020 2:00 AM,BATTERY-AGG DOMESTIC,CC2005346,1900  BLOCK  SOUTHWOOD DR
44,Champaign Police,8-29-2020 1:33 AM,FIGHTING,CC2005343,100  BLOCK N WALNUT ST
45,Champaign Police,8-30-2020 12:01 AM,ASSAULT-AGGRAVATED,CC2005381,100  BLOCK E PARK ST
46,Champaign Police,8-29-2020 11:00 PM,BATTERY-DOMESTIC,CC2005370,2500  BLOCK W SPRINGFIELD AV
47,Champaign Police,8-29-2020 10:00 PM,THEFT OF LOST/MISLAID PROP,CC2005401,2100  BLOCK  LYNWOOD DR
48,Champaign Police,8-29-2020 8:20 PM,BATTERY -CITY,CC2005368,100  BLOCK E GREEN ST
49,Champaign Police,8-29-2020 7:15 PM,BATTERY-AGGRAVATED,CC2005366,N FOURTH ST  & S CHURCH ST
50,Champaign Police,8-29-2020 4:51 PM,ASSAULT-AGGRAVATED,CC2005363,LOUISIANA AV  & BLOOMINGTON RD
51,Champaign Police,8-29-2020 3:47 PM,CONTROLLED SUBSTANCE-POSSESSION,CC2005361,800  BLOCK  BLOOMINGTON RD
52,Champaign Police,8-29-2020 3:00 PM,THEFT-MOTOR VEHICLE,CC2005377,2100  BLOCK  SUNVIEW DR
53,Champaign Police,8-29-2020 2:30 PM,THEFT $500 AND UNDER,CC2005360,100  BLOCK E SPRINGFIELD AV
54,Champaign Police,8-29-2020 12:45 PM,BATTERY,CC2005355,300  BLOCK  KENWOOD RD
55,Champaign Police,8-29-2020 10:00 AM,BATTERY-DOMESTIC,CC2005352,5100  BLOCK  JACKS BL
56,Champaign Police,8-29-2020 8:20 AM,DISORDERLY CONDUCT-ALL OTHER,CC2005348,400  BLOCK E CHURCH ST
57,Champaign Police,8-29-2020 7:00 AM,THEFT-MOTOR VEHICLE,CC2005347,700  BLOCK W HEALEY ST
58,Champaign Police,8-29-2020 2:00 AM,BATTERY-AGG DOMESTIC,CC2005346,1900  BLOCK  SOUTHWOOD DR
59,Champaign Police,8-29-2020 1:33 AM,FIGHTING,CC2005343,100  BLOCK N WALNUT ST
60,Champaign Police,8-30-2020 12:01 AM,ASSAULT-AGGRAVATED,CC2005381,100  BLOCK E PARK ST
61,Champaign Police,8-29-2020 11:00 PM,BATTERY-DOMESTIC,CC2005370,2500  BLOCK W SPRINGFIELD AV
62,Champaign Police,8-29-2020 10:00 PM,THEFT OF LOST/MISLAID PROP,CC2005401,2100  BLOCK  LYNWOOD DR
63,Champaign Police,8-29-2020 8:20 PM,BATTERY -CITY,CC2005368,100  BLOCK E GREEN ST
64,Champaign Police,8-29-2020 7:15 PM,BATTERY-AGGRAVATED,CC2005366,N FOURTH ST  & S CHURCH ST
65,Champaign Police,8-29-2020 4:51 PM,ASSAULT-AGGRAVATED,CC2005363,LOUISIANA AV  & BLOOMINGTON RD
66,Champaign Police,8-29-2020 3:47 PM,CONTROLLED SUBSTANCE-POSSESSION,CC2005361,800  BLOCK  BLOOMINGTON RD
67,Champaign Police,8-29-2020 3:00 PM,THEFT-MOTOR VEHICLE,CC2005377,2100  BLOCK  SUNVIEW DR
68,Champaign Police,8-29-2020 2:30 PM,THEFT $500 AND UNDER,CC2005360,100  BLOCK E SPRINGFIELD AV
69,Champaign Police,8-29-2020 12:45 PM,BATTERY,CC2005355,300  BLOCK  KENWOOD RD
70,Champaign Police,8-29-2020 10:00 AM,BATTERY-DOMESTIC,CC2005352,5100  BLOCK  JACKS BL
71,Champaign Police,8-29-2020 8:20 AM,DISORDERLY CONDUCT-ALL OTHER,CC2005348,400  BLOCK E CHURCH ST
72,Champaign Police,8-29-2020 7:00 AM,THEFT-MOTOR VEHICLE,CC2005347,700  BLOCK W HEALEY ST
73,Champaign Police,8-29-2020 2:00 AM,BATTERY-AGG DOMESTIC,CC2005346,1900  BLOCK  SOUTHWOOD DR
74,Champaign Police,8-29-2020 1:33 AM,FIGHTING,CC2005343,100  BLOCK N WALNUT ST
75,Champaign Police,8-29-2020 1:08 AM,BATTERY -CITY,CC2005344,100  BLOCK N WALNUT
76,Champaign Police,8-28-2020 11:23 PM,RECKLESS DISCHARGE OF A FIREARM,CC2005362,1600  BLOCK  VALLEY RD
77,Champaign Police,8-28-2020 10:45 PM,BATTERY -CITY,CC2005340,1700  BLOCK  VALLEY RD
78,Champaign Police,8-28-2020 10:30 PM,DAMAGING PROPERTY,CC2005359,500  BLOCK S ELM ST
79,Champaign Police,8-28-2020 9:30 PM,CRIMINAL DAMAGE TO PROPERTY,CC2005369,1700  BLOCK N NEIL ST
80,Champaign Police,8-28-2020 9:30 PM,BURGLARY FROM MOTOR VEHICLE,CC2005349,800  BLOCK  HAINES BL
81,Champaign Police,8-28-2020 7:00 PM,CRIMINAL DAMAGE TO PROPERTY,CC2005430,300  BLOCK W COLUMBIA AV
82,Champaign Police,8-28-2020 6:30 PM,FORGERY,CC2005337,3100  BLOCK  LADUE DR
83,Champaign Police,8-28-2020 5:30 PM,THEFT OVER $500,CC2005357,1800  BLOCK  LAKESIDE DR
84,Champaign Police,8-28-2020 4:35 PM,BATTERY-DOMESTIC,CC2005334,200  BLOCK  KENWOOD RD
85,Champaign Police,8-28-2020 4:30 PM,CRIMINAL DAMAGE TO PROPERTY,CC2005399,300  BLOCK S RANDOLPH ST
86,Champaign Police,8-28-2020 4:10 PM,BATTERY-DOMESTIC,CC2005333,4800  BLOCK W WINDSOR RD
87,Champaign Police,8-28-2020 4:00 PM,THEFT $500 AND UNDER,CC2005383,2400  BLOCK N PROSPECT AV
88,Champaign Police,8-28-2020 1:56 PM,BATTERY-DOMESTIC,CC2005358,800  BLOCK  HARRIS AV
89,Champaign Police,8-28-2020 1:00 PM,THEFT $500 AND UNDER,CC2005431,600  BLOCK S FIRST ST
90,Champaign Police,8-28-2020 11:30 AM,THEFT $500 AND UNDER,CC2005435,300  BLOCK S FOURTH ST
91,Champaign Police,8-28-2020 2:19 AM,CRIMINAL DAMAGE TO PROPERTY,CC2005323,1300  BLOCK  JOANNE LN
92,Champaign Police,8-27-2020 5:15 PM,BATTERY-DOMESTIC,CC2005313,500  BLOCK  MITCHELL CT
93,Champaign Police,8-27-2020 5:05 PM,THEFT-MOTOR VEHICLE,CC2005315,400  BLOCK E GREEN ST
94,Champaign Police,8-27-2020 2:00 PM,CRIMINAL DAMAGE TO PROPERTY,CC2005327,1500  BLOCK  HEDGE RD
95,Champaign Police,8-27-2020 12:00 PM,VIOLATION ORDER PROTECTION,CC2005350,300  BLOCK E ARMORY AV
96,Champaign Police,8-27-2020 10:30 AM,THEFT OVER $500,CC2005365,400  BLOCK E UNIVERSITY AV
97,Champaign Police,8-27-2020 5:23 AM,TRESPASS-RESIDENCE,CC2005297,2600  BLOCK W SPRINGFIELD AV
98,Champaign Police,8-27-2020 5:00 AM,BATTERY,CC2005298,2600  BLOCK W SPRINGFIELD AV
99,Champaign Police,8-26-2020 11:55 PM,FIGHTING,CC2005295,1000  BLOCK  BLOOMINGTON RD
100,Champaign Police,8-26-2020 11:38 PM,BURGLARY FROM MOTOR VEHICLE,CC2005312,500  BLOCK W CHURCH ST
101,Champaign Police,8-26-2020 9:30 PM,CRIMINAL DAMAGE TO PROPERTY,CC2005296,700  BLOCK S FOURTH ST
102,Champaign Police,8-26-2020 8:00 PM,CRIMINAL DAMAGE TO PROPERTY,CC2005426,4000  BLOCK  INVERNESS RD
103,Champaign Police,8-26-2020 7:30 PM,BURGLARY FROM MOTOR VEHICLE,CC2005299,500  BLOCK S PRAIRIE ST
104,Champaign Police,8-26-2020 11:59 AM,HOME INVASION,CC2005281,100  BLOCK  KENWOOD RD
105,Champaign Police,8-26-2020 4:00 AM,CRIMINAL DAMAGE TO PROPERTY,CC2005277,2600  BLOCK W SPRINGFIELD AV
106,Champaign Police,8-26-2020 1:15 AM,CRIMINAL DAMAGE TO PROPERTY,CC2005276,1900  BLOCK  MCDONALD DR
107,Champaign Police,8-25-2020 10:35 PM,BATTERY-DOMESTIC,CC2005272,W BRADLEY AV  & N JAMES ST
108,Champaign Police,8-25-2020 9:59 PM,BATTERY,CC2005271,400  BLOCK  EDGEBROOK DR
109,Champaign Police,8-25-2020 7:15 PM,DISORDERLY CONDUCT-ALL OTHER,CC2005275,400  BLOCK E CHURCH ST
110,Champaign Police,8-25-2020 5:20 PM,AGG DISCHARGE OF FIREARM,CC2005263,1000  BLOCK  NORTHWOOD ST
111,Champaign Police,8-25-2020 5:10 PM,BATTERY-AGGRAVATED,CC2005264,800  BLOCK W CHURCH ST
112,Champaign Police,8-25-2020 4:00 PM,BURGLARY FROM MOTOR VEHICLE,CC2005429,600  BLOCK S PRAIRIE ST
113,Champaign Police,8-25-2020 3:45 PM,HOME INVASION,CC2005262,2100  BLOCK W WHITE ST
114,Champaign Police,8-25-2020 2:30 PM,FRAUD-DECEPTION,CC2005256,1300  BLOCK  LARKSPUR LN
115,Champaign Police,8-25-2020 2:00 PM,THEFT-MOTOR VEHICLE,CC2005286,1600  BLOCK  RION DR
116,Champaign Police,8-25-2020 1:06 PM,FINANCIAL EXPLOIT. ELDERLY/DISABLED,CC2005252,1100  BLOCK N MARKET ST
117,Champaign Police,8-25-2020 11:00 AM,RECKLESS DISCHARGE OF A FIREARM,CC2005255,BELLEFONTAINE ST  & CHAMPAIGN ST
118,Champaign Police,8-25-2020 8:25 AM,BATTERY-DOMESTIC,CC2005250,300  BLOCK S SECOND ST
119,Champaign Police,8-25-2020 12:01 AM,BATTERY-DOMESTIC,CC2005273,2100  BLOCK W WHITE ST
120,Champaign Police,8-26-2020 4:00 AM,CRIMINAL DAMAGE TO PROPERTY,CC2005277,2600  BLOCK W SPRINGFIELD AV
121,Champaign Police,8-26-2020 1:15 AM,CRIMINAL DAMAGE TO PROPERTY,CC2005276,1900  BLOCK  MCDONALD DR
122,Champaign Police,8-25-2020 10:35 PM,BATTERY-DOMESTIC,CC2005272,W BRADLEY AV  & N JAMES ST
123,Champaign Police,8-25-2020 9:59 PM,BATTERY,CC2005271,400  BLOCK  EDGEBROOK DR
124,Champaign Police,8-25-2020 7:15 PM,DISORDERLY CONDUCT-ALL OTHER,CC2005275,400  BLOCK E CHURCH ST
125,Champaign Police,8-25-2020 5:20 PM,AGG DISCHARGE OF FIREARM,CC2005263,1000  BLOCK  NORTHWOOD ST
126,Champaign Police,8-25-2020 5:10 PM,BATTERY-AGGRAVATED,CC2005264,800  BLOCK W CHURCH ST
127,Champaign Police,8-25-2020 4:00 PM,BURGLARY FROM MOTOR VEHICLE,CC2005429,600  BLOCK S PRAIRIE ST
128,Champaign Police,8-25-2020 3:45 PM,HOME INVASION,CC2005262,2100  BLOCK W WHITE ST
129,Champaign Police,8-25-2020 2:30 PM,FRAUD-DECEPTION,CC2005256,1300  BLOCK  LARKSPUR LN
130,Champaign Police,8-25-2020 2:00 PM,THEFT-MOTOR VEHICLE,CC2005286,1600  BLOCK  RION DR
131,Champaign Police,8-25-2020 1:06 PM,FINANCIAL EXPLOIT. ELDERLY/DISABLED,CC2005252,1100  BLOCK N MARKET ST
132,Champaign Police,8-25-2020 11:00 AM,RECKLESS DISCHARGE OF A FIREARM,CC2005255,BELLEFONTAINE ST  & CHAMPAIGN ST
133,Champaign Police,8-25-2020 8:25 AM,BATTERY-DOMESTIC,CC2005250,300  BLOCK S SECOND ST
134,Champaign Police,8-25-2020 12:01 AM,BATTERY-DOMESTIC,CC2005273,2100  BLOCK W WHITE ST
135,Champaign Police,8-24-2020 9:21 PM,BATTERY-DOMESTIC,CC2005243,2500  BLOCK  MYERS CT
136,Champaign Police,8-24-2020 5:00 PM,BURGLARY,CC2005236,2400  BLOCK W BRADLEY AV
137,Champaign Police,8-24-2020 1:10 PM,CRIMINAL DAMAGE TO PROPERTY,CC2005228,2000  BLOCK W SPRINGFIELD AV
138,Champaign Police,8-24-2020 6:00 AM,BURGLARY FROM MOTOR VEHICLE,CC2005428,700  BLOCK W CHURCH ST
139,Champaign Police,8-24-2020 2:15 AM,ASSAULT-AGGRAVATED,CC2005217,500  BLOCK N EDWIN ST
140,Champaign Police,8-23-2020 8:15 PM,CRIMINAL DAMAGE TO PROPERTY,CC2005215,400  BLOCK S STATE ST
141,Champaign Police,8-23-2020 8:00 PM,AGG DISCHARGE OF FIREARM,CC2005219,500  BLOCK E COLUMBIA
142,Champaign Police,8-23-2020 5:55 PM,AGG DISCHARGE OF FIREARM,CC2005209,300  BLOCK W WHITE ST
143,Champaign Police,8-23-2020 5:33 PM,BATTERY-DOMESTIC,CC2005208,900  BLOCK  ADA DR
144,Champaign Police,8-23-2020 5:20 PM,THEFT $500 AND UNDER,CC2005211,2600  BLOCK N PROSPECT AV
145,Champaign Police,8-23-2020 3:00 PM,THEFT-RETAIL,CC2005223,2000  BLOCK N NEIL ST
146,Champaign Police,8-23-2020 2:16 PM,THEFT $500 AND UNDER,CC2005203,1700  BLOCK  JEANNE ST
147,Champaign Police,8-23-2020 12:55 PM,THEFT-MOTOR VEHICLE,CC2005201,500  BLOCK S WILLIS
148,Champaign Police,8-23-2020 11:30 AM,THEFT-RETAIL,CC2005202,2000  BLOCK N NEIL ST
149,Champaign Police,8-23-2020 11:00 AM,AGG DISCHARGE OF FIREARM,CC2005200,FIFTH ST  & E COLUMBIA
150,Champaign Police,8-23-2020 9:30 AM,HOME INVASION,CC2005198,2000  BLOCK N MATTIS AV
151,Champaign Police,8-23-2020 4:55 AM,AGG DISCHARGE OF FIREARM,CC2005195,1100  BLOCK N THIRD ST
152,Champaign Police,8-23-2020 4:17 AM,BATTERY-AGGRAVATED,CC2005194,100  BLOCK  KENWOOD RD
153,Champaign Police,8-23-2020 3:00 AM,AGG DISCHARGE OF FIREARM,CC2005197,1200  BLOCK  PAULA DR
154,Champaign Police,8-23-2020 1:26 AM,BATTERY-DOMESTIC,CC2005192,300  BLOCK E GREEN ST
155,Champaign Police,8-23-2020 12:01 AM,THEFT-IDENTITY,CC2005231,2000  BLOCK  LAKESIDE CT
156,Champaign Police,8-23-2020 12:00 AM,BURGLARY,CC2005199,200  BLOCK N COUNTRY FAIR DR
157,Champaign Police,8-23-2020 12:00 AM,BURGLARY RESIDENTIAL,CC2005196,200  BLOCK E CLARK ST
158,Champaign Police,8-22-2020 11:00 PM,CRIMINAL DAMAGE TO PROPERTY,CC2005244,100  BLOCK S FIRST ST
159,Champaign Police,8-22-2020 10:03 PM,AGG DISCHARGE OF FIREARM,CC2005189,1000  BLOCK  BLOOMINGTON RD
160,Champaign Police,8-22-2020 8:59 PM,HARASSMENT BY ELECTRONIC COMMUNICAT,CC2005188,1300  BLOCK  COMANCHE DR
161,Champaign Police,8-22-2020 8:30 PM,BURGLARY RESIDENTIAL,CC2005193,3700  BLOCK  HARBOR ESTATES LN
162,Champaign Police,8-22-2020 7:30 PM,BATTERY-DOMESTIC,CC2005185,500  BLOCK  GROVE ST
163,Champaign Police,8-22-2020 6:30 PM,DISORDERLY CONDUCT-ALL OTHER,CC2005186,200  BLOCK W ANTHONY DR
164,Champaign Police,8-22-2020 5:18 PM,THEFT OVER $500,CC2005245,2000  BLOCK N PROSPECT AV
165,Champaign Police,8-22-2020 2:50 PM,BATTERY,CC2005182,200  BLOCK  BURR OAK CT
166,Champaign Police,8-22-2020 2:18 PM,BATTERY-DOMESTIC,CC2005179,1100  BLOCK  JOANNE LN
167,Champaign Police,8-22-2020 1:00 PM,THEFT OVER $500,CC2005269,600  BLOCK S WRIGHT ST
168,Champaign Police,8-22-2020 1:00 PM,FRAUD-CREDIT CARD,CC2005181,200  BLOCK N NEIL ST
169,Champaign Police,8-22-2020 10:39 AM,BATTERY-DOMESTIC,CC2005175,1600  BLOCK  HEDGE RD
170,Champaign Police,8-22-2020 7:30 AM,CRIMINAL DAMAGE TO PROPERTY,CC2005171,100  BLOCK S WRIGHT ST
171,Champaign Police,8-21-2020 11:10 PM,THEFT-MOTOR VEHICLE,CC2005172,0  BLOCK E GREEN ST
172,Champaign Police,8-21-2020 10:00 PM,BURGLARY FROM MOTOR VEHICLE,CC2005183,0  BLOCK E GREEN ST
173,Champaign Police,8-21-2020 8:48 PM,BATTERY-DOMESTIC,CC2005164,2100  BLOCK W WHITE ST
174,Champaign Police,8-21-2020 4:25 PM,BATTERY,CC2005158,600  BLOCK E COLUMBIA AV
175,Champaign Police,8-21-2020 9:00 AM,BURGLARY FROM MOTOR VEHICLE,CC2005150,200  BLOCK W COLUMBIA AV
176,Champaign Police,8-21-2020 6:00 AM,BATTERY,CC2005147,2400  BLOCK N PROSPECT AV
177,Champaign Police,8-21-2020 1:56 AM,THEFT OVER $500,CC2005138,ANTHONY DR  & CAMPBELL DR
178,Champaign Police,8-20-2020 9:30 PM,THEFT-MOTOR VEHICLE,CC2005137,3200  BLOCK  KATIE LYNN DR
179,Champaign Police,8-20-2020 7:00 PM,CRIMINAL DAMAGE TO PROPERTY,CC2005136,2200  BLOCK N PROSPECT AV
180,Champaign Police,8-22-2020 2:50 PM,BATTERY,CC2005182,200  BLOCK  BURR OAK CT
181,Champaign Police,8-22-2020 2:18 PM,BATTERY-DOMESTIC,CC2005179,1100  BLOCK  JOANNE LN
182,Champaign Police,8-22-2020 1:00 PM,THEFT OVER $500,CC2005269,600  BLOCK S WRIGHT ST
183,Champaign Police,8-22-2020 1:00 PM,FRAUD-CREDIT CARD,CC2005181,200  BLOCK N NEIL ST
184,Champaign Police,8-22-2020 10:39 AM,BATTERY-DOMESTIC,CC2005175,1600  BLOCK  HEDGE RD
185,Champaign Police,8-22-2020 7:30 AM,CRIMINAL DAMAGE TO PROPERTY,CC2005171,100  BLOCK S WRIGHT ST
186,Champaign Police,8-21-2020 11:10 PM,THEFT-MOTOR VEHICLE,CC2005172,0  BLOCK E GREEN ST
187,Champaign Police,8-21-2020 10:00 PM,BURGLARY FROM MOTOR VEHICLE,CC2005183,0  BLOCK E GREEN ST
188,Champaign Police,8-21-2020 8:48 PM,BATTERY-DOMESTIC,CC2005164,2100  BLOCK W WHITE ST
189,Champaign Police,8-21-2020 4:25 PM,BATTERY,CC2005158,600  BLOCK E COLUMBIA AV
190,Champaign Police,8-21-2020 9:00 AM,BURGLARY FROM MOTOR VEHICLE,CC2005150,200  BLOCK W COLUMBIA AV
191,Champaign Police,8-21-2020 6:00 AM,BATTERY,CC2005147,2400  BLOCK N PROSPECT AV
192,Champaign Police,8-21-2020 1:56 AM,THEFT OVER $500,CC2005138,ANTHONY DR  & CAMPBELL DR
193,Champaign Police,8-20-2020 9:30 PM,THEFT-MOTOR VEHICLE,CC2005137,3200  BLOCK  KATIE LYNN DR
194,Champaign Police,8-20-2020 7:00 PM,CRIMINAL DAMAGE TO PROPERTY,CC2005136,2200  BLOCK N PROSPECT AV
195,Champaign Police,8-20-2020 6:07 PM,VIOLATION ORDER PROTECTION,CC2005132,1400  BLOCK  SUMMIT RIDGE RD
196,Champaign Police,8-20-2020 6:00 PM,CRIMINAL DAMAGE TO PROPERTY,CC2005149,1200  BLOCK N WALNUT ST
197,Champaign Police,8-20-2020 3:23 PM,THEFT $500 AND UNDER,CC2005241,2100  BLOCK N PROSPECT AV
198,Champaign Police,8-20-2020 2:15 PM,FORGERY,CC2005123,0  BLOCK  MAIN ST
199,Champaign Police,8-20-2020 2:15 PM,BURGLARY,CC2005125,2500  BLOCK W SPRINGFIELD AV
200,Champaign Police,8-20-2020 12:45 PM,DECEPTIVE PRACTICES,CC2005126,600  BLOCK E WHITE ST
201,Champaign Police,8-20-2020 12:00 PM,DECEPTIVE PRACTICES,CC2005121,3100  BLOCK  SARATOGA DR
202,Champaign Police,8-20-2020 12:00 PM,TELEPHONE THREAT,CC2005130,800  BLOCK  HARRIS AV
203,Champaign Police,8-20-2020 9:12 AM,THEFT-IDENTITY,CC2005117,1100  BLOCK W DANIEL ST
204,Champaign Police,8-20-2020 3:48 AM,CONTROLLED SUBSTANCE-POSSESSION,CC2005115,THIRD   & BEARDSLEY
205,Champaign Police,8-20-2020 3:17 AM,BURGLARY FROM MOTOR VEHICLE,CC2005120,2000  BLOCK W BRADLEY AV
206,Champaign Police,8-20-2020 1:51 AM,AGG DISCHARGE OF FIREARM,CC2005114,400  BLOCK E HILL ST
207,Champaign Police,8-20-2020 12:25 AM,BATTERY -CITY,CC2005113,0  BLOCK E MAIN ST
208,Champaign Police,8-19-2020 10:00 PM,BURGLARY,CC2005116,1200  BLOCK N MATTIS AV
209,Champaign Police,8-19-2020 7:30 PM,BATTERY-AGGRAVATED,CC2005105,1800  BLOCK W BRADLEY AV
210,Champaign Police,8-19-2020 6:00 PM,THEFT $500 AND UNDER,CC2005108,1700  BLOCK W JOHN ST
211,Champaign Police,8-19-2020 5:58 PM,FRAUD-CREDIT CARD,CC2005106,1200  BLOCK N PROSPECT AV
212,Champaign Police,8-19-2020 2:12 PM,AGG DISCHARGE OF FIREARM,CC2005100,FOURTH ST  & TREMONT
213,Champaign Police,8-19-2020 11:00 AM,THEFT OVER $500,CC2005110,500  BLOCK S THIRD ST
214,Champaign Police,8-19-2020 8:00 AM,DECEPTIVE PRACTICES,CC2005266,100  BLOCK W UNIVERSITY
215,Champaign Police,8-19-2020 6:00 AM,THEFT OVER $500,CC2005238,2300  BLOCK W JOHN ST
216,Champaign Police,8-18-2020 10:51 PM,ASSAULT-AGGRAVATED,CC2005089,100  BLOCK E CHURCH ST
217,Champaign Police,8-18-2020 10:00 PM,BURGLARY RESIDENTIAL,CC2005099,2500  BLOCK W SPRINGFIELD AV
218,Champaign Police,8-18-2020 9:45 PM,BATTERY-AGGRAVATED,CC2005088,100  BLOCK S MATTIS AV
219,Champaign Police,8-18-2020 8:30 PM,THEFT-MOTOR VEHICLE,CC2005090,300  BLOCK S FIRST ST
220,Champaign Police,8-18-2020 5:00 PM,BATTERY,CC2005093,600  BLOCK W HEALEY ST
221,Champaign Police,8-18-2020 4:54 PM,HOME INVASION,CC2005080,600  BLOCK W UNIVERSITY AV
222,Champaign Police,8-18-2020 3:20 PM,VIOLATION ORDER PROTECTION,CC2005077,700  BLOCK N PROSPECT AV
223,Champaign Police,8-18-2020 3:04 PM,CRIMINAL DAMAGE TO PROPERTY,CC2005084,1300  BLOCK  NORTH LOCK RAVEN RD
224,Champaign Police,8-18-2020 3:00 PM,THEFT $500 AND UNDER,CC2005242,500  BLOCK S THIRD ST
225,Champaign Police,8-18-2020 1:24 PM,CONTROLLED SUBSTANCE-POSSESSION,CC2005075,100  BLOCK E STATE ST
226,Champaign Police,8-18-2020 1:00 PM,BATTERY-AGG DOMESTIC,CC2005095,600  BLOCK E WASHINGTON ST
227,Champaign Police,8-18-2020 12:00 PM,THEFT $500 AND UNDER,CC2005240,100  BLOCK E JOHN ST
228,Champaign Police,8-18-2020 11:49 AM,HARASSMENT BY TELEPHONE,CC2005071,200  BLOCK S MATTIS AV
229,Champaign Police,8-18-2020 11:00 AM,DECEPTIVE PRACTICES,CC2005072,3100  BLOCK  PALMER DR
230,Champaign Police,8-18-2020 10:55 AM,THEFT OVER $500,CC2005069,100  BLOCK N FIRST ST
231,Champaign Police,8-18-2020 10:30 AM,THEFT $500 AND UNDER,CC2005094,2400  BLOCK N NEIL ST
232,Champaign Police,8-18-2020 9:56 AM,BATTERY-AGG DOMESTIC,CC2005070,1500  BLOCK  KILER DR
233,Champaign Police,8-18-2020 8:00 AM,THEFT $500 AND UNDER,CC2005068,0  BLOCK E ANTHONY DR
234,Champaign Police,8-18-2020 7:25 AM,ASSAULT -CITY,CC2005059,2000  BLOCK  MORELAND BLVD
235,Champaign Police,8-18-2020 1:00 AM,BATTERY-AGGRAVATED,CC2005065,800  BLOCK  SHERWOOD TERR
236,Champaign Police,8-17-2020 10:30 PM,BATTERY-DOMESTIC,CC2005050,2900  BLOCK  HELEN CT
237,Champaign Police,8-17-2020 9:20 PM,BATTERY-DOMESTIC,CC2005049,1000  BLOCK  HARVARD ST
238,Champaign Police,8-17-2020 7:00 PM,CRIMINAL DAMAGE TO PROPERTY,CC2005054,2000  BLOCK W SPRINGFIELD AV
239,Champaign Police,8-17-2020 6:00 PM,THEFT OVER $500,CC2005309,300  BLOCK E JOHN ST
240,Champaign Police,8-18-2020 1:24 PM,CONTROLLED SUBSTANCE-POSSESSION,CC2005075,100  BLOCK E STATE ST
241,Champaign Police,8-18-2020 1:00 PM,BATTERY-AGG DOMESTIC,CC2005095,600  BLOCK E WASHINGTON ST
242,Champaign Police,8-18-2020 12:00 PM,THEFT $500 AND UNDER,CC2005240,100  BLOCK E JOHN ST
243,Champaign Police,8-18-2020 11:49 AM,HARASSMENT BY TELEPHONE,CC2005071,200  BLOCK S MATTIS AV
244,Champaign Police,8-18-2020 11:00 AM,DECEPTIVE PRACTICES,CC2005072,3100  BLOCK  PALMER DR
245,Champaign Police,8-18-2020 10:55 AM,THEFT OVER $500,CC2005069,100  BLOCK N FIRST ST
246,Champaign Police,8-18-2020 10:30 AM,THEFT $500 AND UNDER,CC2005094,2400  BLOCK N NEIL ST
247,Champaign Police,8-18-2020 9:56 AM,BATTERY-AGG DOMESTIC,CC2005070,1500  BLOCK  KILER DR
248,Champaign Police,8-18-2020 8:00 AM,THEFT $500 AND UNDER,CC2005068,0  BLOCK E ANTHONY DR
249,Champaign Police,8-18-2020 7:25 AM,ASSAULT -CITY,CC2005059,2000  BLOCK  MORELAND BLVD
250,Champaign Police,8-18-2020 1:00 AM,BATTERY-AGGRAVATED,CC2005065,800  BLOCK  SHERWOOD TERR
251,Champaign Police,8-17-2020 10:30 PM,BATTERY-DOMESTIC,CC2005050,2900  BLOCK  HELEN CT
252,Champaign Police,8-17-2020 9:20 PM,BATTERY-DOMESTIC,CC2005049,1000  BLOCK  HARVARD ST
253,Champaign Police,8-17-2020 7:00 PM,CRIMINAL DAMAGE TO PROPERTY,CC2005054,2000  BLOCK W SPRINGFIELD AV
254,Champaign Police,8-17-2020 6:00 PM,THEFT OVER $500,CC2005309,300  BLOCK E JOHN ST
255,Champaign Police,8-17-2020 5:00 PM,BURGLARY FROM MOTOR VEHICLE,CC2005076,500  BLOCK S COUNTRY FAIR DR
256,Champaign Police,8-17-2020 3:00 PM,BURGLARY,CC2005064,100  BLOCK  KENWOOD RD
257,Champaign Police,8-17-2020 12:00 PM,THEFT $500 AND UNDER,CC2005239,500  BLOCK  STOUGHTON ST
258,Champaign Police,8-17-2020 10:12 AM,TRESPASS TO LAND/REAL PROPERTY,CC2005036,100  BLOCK S STATE ST
259,Champaign Police,8-17-2020 9:55 AM,BATTERY -CITY,CC2005035,2000  BLOCK W SPRINGFIELD AV
260,Champaign Police,8-17-2020 9:35 AM,THEFT OVER $500,CC2005042,1300  BLOCK S NEIL ST
261,Champaign Police,8-17-2020 9:19 AM,ASSAULT,CC2005033,1300  BLOCK S NEIL ST
262,Champaign Police,8-17-2020 9:00 AM,THEFT $500 AND UNDER,CC2005235,300  BLOCK E JOHN ST
263,Champaign Police,8-17-2020 2:01 AM,ARSON,CC2005045,2100  BLOCK N PROSPECT AV
264,Champaign Police,8-17-2020 12:00 AM,BATTERY-AGG DOMESTIC,CC2005229,1100  BLOCK  JOANNE LN
265,Champaign Police,8-16-2020 10:59 PM,BATTERY-DOMESTIC,CC2005029,300  BLOCK  KENWOOD RD
266,Champaign Police,8-16-2020 10:12 PM,BURGLARY RESIDENTIAL,CC2005026,400  BLOCK W VINE ST
267,Champaign Police,8-16-2020 1:30 PM,DAMAGING PROPERTY,CC2005018,200  BLOCK  KENWOOD RD
268,Champaign Police,8-16-2020 12:55 PM,BATTERY-DOMESTIC,CC2005016,1100  BLOCK N MCKINLEY
269,Champaign Police,8-16-2020 9:00 AM,BURGLARY FROM MOTOR VEHICLE,CC2005118,500  BLOCK E HEALEY ST
270,Champaign Police,8-16-2020 3:43 AM,DRIVING UNDER INFLUENCE-DRUGS,CC2005008,300  BLOCK N GARFIELD AV
271,Champaign Police,8-16-2020 3:35 AM,THEFT-MOTOR VEHICLE,CC2005013,1300  BLOCK  BROADMOOR DR
272,Champaign Police,8-16-2020 3:00 AM,BURGLARY FROM MOTOR VEHICLE,CC2005014,2400  BLOCK  CLAYTON BL
273,Champaign Police,8-16-2020 12:01 AM,BATTERY-AGGRAVATED,CC2005007,RANDOLPH ST  & HILL ST
274,Champaign Police,8-15-2020 10:08 PM,AGG DISCHARGE OF FIREARM,CC2005005,1000  BLOCK  BLOOMINGTON RD
275,Champaign Police,8-15-2020 9:57 PM,BURGLARY FROM MOTOR VEHICLE,CC2005135,4800  BLOCK W WINDSOR RD
276,Champaign Police,8-15-2020 9:00 PM,THEFT OVER $500,CC2005051,400  BLOCK E WHITE ST
277,Champaign Police,8-15-2020 5:00 PM,CRIMINAL DAMAGE TO PROPERTY,CC2005017,1600  BLOCK  SANGAMON DR
278,Champaign Police,8-15-2020 3:40 PM,THEFT $500 AND UNDER,CC2005246,600  BLOCK S SIXTH ST
279,Champaign Police,8-15-2020 1:30 PM,THEFT OVER $500,CC2005002,2100  BLOCK W WHITE ST
280,Champaign Police,8-15-2020 1:00 PM,BATTERY-DOMESTIC,CC2005009,2900  BLOCK  RESEARCH RD
281,Champaign Police,8-15-2020 11:00 AM,BATTERY-AGGRAVATED,CC2004997,1300  BLOCK N PROSPECT AV
282,Champaign Police,8-15-2020 8:08 AM,BATTERY-DOMESTIC,CC2004994,100  BLOCK  KENWOOD RD
283,Champaign Police,8-15-2020 6:16 AM,BATTERY-DOMESTIC,CC2004993,1600  BLOCK  KIRK LN
284,Champaign Police,8-15-2020 4:10 AM,UNLAWFUL POSS/USE WEAPON BY FELON,CC2004991,SIXTH   & COLUMBIA
285,Champaign Police,8-15-2020 1:09 AM,THEFT $500 AND UNDER,CC2005044,300  BLOCK E SPRINGFIELD AV
286,Champaign Police,8-15-2020 12:41 AM,BATTERY-AGGRAVATED,CC2004989,2000  BLOCK W BRADLEY AV
287,Champaign Police,8-14-2020 8:27 PM,THEFT $500 AND UNDER,CC2004986,2000  BLOCK  GLENN PARK DR
288,Champaign Police,8-14-2020 7:31 PM,HEROIN OVERDOSE,CC2004983,900  BLOCK  BLOOMINGTON RD
289,Champaign Police,8-14-2020 6:39 PM,BATTERY,CC2004982,2100  BLOCK W WHITE ST
290,Champaign Police,8-14-2020 6:00 PM,THEFT OVER $500,CC2005131,600  BLOCK  STOUGHTON ST
291,Champaign Police,8-14-2020 4:15 PM,THEFT $500 AND UNDER,CC2004984,600  BLOCK W HILL ST
292,Champaign Police,8-14-2020 2:00 AM,BURGLARY,CC2004975,600  BLOCK W MARKETVIEW DR
293,Champaign Police,8-13-2020 10:13 PM,ROBBERY,CC2004966,400  BLOCK E CHURCH ST
294,Champaign Police,8-13-2020 8:00 PM,CRIMINAL DAMAGE GOVT SUPPORT PROP,CC2004965,0  BLOCK E UNIVERSITY AV
295,Champaign Police,8-13-2020 7:45 PM,CRIMINAL DAMAGE TO PROPERTY,CC2004962,2000  BLOCK  MORELAND BLVD
296,Champaign Police,8-13-2020 7:30 PM,ROBBERY-ARMED,CC2004964,200  BLOCK N FOURTH ST
297,Champaign Police,8-13-2020 6:00 PM,TRESPASS-VEHICLE,CC2004960,1000  BLOCK S FIRST ST
298,Champaign Police,8-13-2020 4:52 PM,CRIMINAL DAMAGE TO PROPERTY,CC2004957,1100  BLOCK  POMONA DR
299,Champaign Police,8-13-2020 11:27 AM,THEFT OVER $500,CC2004959,300  BLOCK E HEALEY ST
300,Champaign Police,8-15-2020 1:09 AM,THEFT $500 AND UNDER,CC2005044,300  BLOCK E SPRINGFIELD AV
301,Champaign Police,8-15-2020 12:41 AM,BATTERY-AGGRAVATED,CC2004989,2000  BLOCK W BRADLEY AV
302,Champaign Police,8-14-2020 8:27 PM,THEFT $500 AND UNDER,CC2004986,2000  BLOCK  GLENN PARK DR
303,Champaign Police,8-14-2020 7:31 PM,HEROIN OVERDOSE,CC2004983,900  BLOCK  BLOOMINGTON RD
304,Champaign Police,8-14-2020 6:39 PM,BATTERY,CC2004982,2100  BLOCK W WHITE ST
305,Champaign Police,8-14-2020 6:00 PM,THEFT OVER $500,CC2005131,600  BLOCK  STOUGHTON ST
306,Champaign Police,8-14-2020 4:15 PM,THEFT $500 AND UNDER,CC2004984,600  BLOCK W HILL ST
307,Champaign Police,8-14-2020 2:00 AM,BURGLARY,CC2004975,600  BLOCK W MARKETVIEW DR
308,Champaign Police,8-13-2020 10:13 PM,ROBBERY,CC2004966,400  BLOCK E CHURCH ST
309,Champaign Police,8-13-2020 8:00 PM,CRIMINAL DAMAGE GOVT SUPPORT PROP,CC2004965,0  BLOCK E UNIVERSITY AV
310,Champaign Police,8-13-2020 7:45 PM,CRIMINAL DAMAGE TO PROPERTY,CC2004962,2000  BLOCK  MORELAND BLVD
311,Champaign Police,8-13-2020 7:30 PM,ROBBERY-ARMED,CC2004964,200  BLOCK N FOURTH ST
312,Champaign Police,8-13-2020 6:00 PM,TRESPASS-VEHICLE,CC2004960,1000  BLOCK S FIRST ST
313,Champaign Police,8-13-2020 4:52 PM,CRIMINAL DAMAGE TO PROPERTY,CC2004957,1100  BLOCK  POMONA DR
314,Champaign Police,8-13-2020 11:27 AM,THEFT OVER $500,CC2004959,300  BLOCK E HEALEY ST
315,Champaign Police,8-13-2020 10:15 AM,BATTERY-DOMESTIC,CC2004950,1100  BLOCK N THIRD ST
316,Champaign Police,8-13-2020 6:50 AM,BATTERY-DOMESTIC,CC2004947,100  BLOCK W WHITE ST
317,Champaign Police,8-12-2020 8:37 PM,DAMAGING PROPERTY,CC2004942,500  BLOCK  CRESCENT DR
318,Champaign Police,8-12-2020 5:30 PM,THEFT $500 AND UNDER,CC2004940,2400  BLOCK N PROSPECT AV
319,Champaign Police,8-12-2020 12:15 PM,BURGLARY,CC2004939,700  BLOCK S FIFTH ST
320,Champaign Police,8-12-2020 12:10 PM,BATTERY-DOMESTIC,CC2004929,2500  BLOCK W SPRINGFIELD AV
321,Champaign Police,8-12-2020 12:00 PM,THEFT OVER $500,CC2004953,600  BLOCK W HEALEY ST
322,Champaign Police,8-12-2020 8:22 AM,UNLAWFUL CANNABIS MANUFACTURING,CC2004926,1000  BLOCK  BAYTOWNE DR
323,Champaign Police,8-12-2020 4:47 AM,VIOLATION ORDER PROTECTION,CC2004922,700  BLOCK N PROSPECT AV
324,Champaign Police,8-12-2020 4:40 AM,BURGLARY,CC2004923,1200  BLOCK N MATTIS AV
325,Champaign Police,8-12-2020 12:00 AM,BURGLARY RESIDENTIAL,CC2005160,2500  BLOCK W SPRINGFIELD AV
326,Champaign Police,8-11-2020 11:10 PM,BATTERY-DOMESTIC,CC2004921,3300  BLOCK  WYNSTONE DR
327,Champaign Police,8-11-2020 10:33 PM,AGG DISCHARGE OF FIREARM,CC2004919,2400  BLOCK  LAWNDALE DR
328,Champaign Police,8-11-2020 7:45 PM,BATTERY-AGGRAVATED,CC2004918,300  BLOCK W CHURCH ST
329,Champaign Police,8-11-2020 5:51 PM,BATTERY-DOMESTIC,CC2004914,1700  BLOCK  ANITA DR
330,Champaign Police,8-11-2020 1:59 PM,BURGLARY,CC2004915,1500  BLOCK S NEIL ST
331,Champaign Police,8-11-2020 1:30 PM,BATTERY-DOMESTIC,CC2004908,300  BLOCK E SPRINGFIELD AV
332,Champaign Police,8-11-2020 12:00 PM,THEFT $500 AND UNDER,CC2005052,400  BLOCK  GINGER BEND
333,Champaign Police,8-11-2020 11:30 AM,CRIMINAL DAMAGE TO PROPERTY,CC2004911,400  BLOCK  BRIAR LN
334,Champaign Police,8-11-2020 11:30 AM,BATTERY-AGGRAVATED,CC2004902,600  BLOCK E UNIVERSITY AV
335,Champaign Police,8-11-2020 11:30 AM,DAMAGING PROPERTY,CC2004913,1000  BLOCK S MATTIS
336,Champaign Police,8-11-2020 10:00 AM,DECEPTIVE PRACTICES,CC2004907,3200  BLOCK  WEEPING CHERRY DR
337,Champaign Police,8-11-2020 8:27 AM,ASSAULT-AGGRAVATED,CC2004898,1200  BLOCK W BRADLEY AV
338,Champaign Police,8-11-2020 4:48 AM,BATTERY-DOMESTIC,CC2004896,900  BLOCK W EUREKA ST
339,Champaign Police,8-11-2020 2:31 AM,BURGLARY,CC2004895,200  BLOCK E PARK ST
340,Champaign Police,8-10-2020 9:11 PM,BATTERY-DOMESTIC,CC2004891,1400  BLOCK N HICKORY
341,Champaign Police,8-10-2020 7:22 PM,AGG DISCHARGE OF FIREARM,CC2004886,900  BLOCK  MAPLEPARK DR
342,Champaign Police,8-10-2020 6:26 PM,CRIMINAL DAMAGE TO PROPERTY,CC2004881,3300  BLOCK  PEBBLECREEK
343,Champaign Police,8-10-2020 6:00 PM,THEFT $500 AND UNDER,CC2004934,300  BLOCK E GREEN ST
344,Champaign Police,8-10-2020 5:57 PM,BURGLARY FROM MOTOR VEHICLE,CC2004878,400  BLOCK N WILLIS AV
345,Champaign Police,8-10-2020 5:39 PM,THEFT $500 AND UNDER,CC2004877,300  BLOCK E WHITE ST
346,Champaign Police,8-10-2020 4:43 PM,BATTERY-DOMESTIC,CC2004879,1200  BLOCK W BRADLEY AV
347,Champaign Police,8-10-2020 4:00 PM,BURGLARY FROM MOTOR VEHICLE,CC2004906,300  BLOCK W CHURCH ST
348,Champaign Police,8-10-2020 3:45 PM,CRIMINAL DAMAGE TO PROPERTY,CC2004887,0  BLOCK  CHESTER ST
349,Champaign Police,8-10-2020 3:00 PM,THEFT OVER $500,CC2004899,SIXTH ST  & GREEN ST
350,Champaign Police,8-10-2020 10:02 AM,BATTERY-DOMESTIC,CC2004865,900  BLOCK  TOWN CENTER BL
351,Champaign Police,8-10-2020 9:51 AM,CONTROLLED SUBSTANCE-POSSESSION,CC2004864,500  BLOCK E CLARK ST
352,Champaign Police,8-10-2020 12:01 AM,CRIMINAL DAMAGE TO PROPERTY,CC2004933,MARKET ST  & E BRADLEY AVE
353,Champaign Police,8-9-2020 10:45 PM,BURGLARY FROM MOTOR VEHICLE,CC2004873,2100  BLOCK W WHITE ST
354,Champaign Police,8-9-2020 10:00 PM,THEFT-MOTOR VEHICLE,CC2004868,2100  BLOCK  LYNWOOD DR
355,Champaign Police,8-9-2020 5:00 PM,THEFT-MOTOR VEHICLE,CC2004884,1100  BLOCK  DEVONSHIRE DR
356,Champaign Police,8-9-2020 10:39 AM,TRESPASS-VEHICLE,CC2004860,0  BLOCK E GREEN ST
357,Champaign Police,8-9-2020 9:40 AM,VIOLATION ORDER PROTECTION,CC2004849,700  BLOCK N PROSPECT AV
358,Champaign Police,8-9-2020 2:10 AM,CRIMINAL DAMAGE TO PROPERTY,CC2004846,800  BLOCK S MATTIS AV
359,Champaign Police,8-9-2020 12:00 AM,CRIMINAL DAMAGE TO PROPERTY,CC2005021,1800  BLOCK  MORELAND BL
